re,Y,re,Y
10.1639418754711,3.35,2,1
10.4624571056026,3.6,1,3.6
10.7844539374734,3.7,5,4
11.0971115508674,3.9,2,4
11.4011983061127,4,3,5
11.6973826499015,4.15,14,4.15
11.9862504104131,4.25,0,6
12.2683184236487,4.4,0.6,4.4
12.544045399589,4.4,1,2
12.8138406822412,4.55,5,5
